Time (s),Traffic (Mbps),label
0.0,17.248357076505616,1
0.1,16.93086784941441,1
0.2,17.323844269050348,1
0.3,17.761514928204015,1
0.4,16.882923312638333,1
0.5,16.88293152152541,1
0.6,17.789606407753695,1
0.7,17.383717364576455,1
0.8,16.765262807032524,1
0.9,17.271280021792982,1
1.0,16.76829115359377,1
1.1,16.76713512321487,1
1.2,17.12098113578302,1
1.3,16.0433598776711,1
1.4,16.137541083743486,1
1.5,16.718856235379512,1
1.6,16.493584439832787,1
1.7,17.157123666297636,1
1.8,16.545987962239394,1
1.9,16.293848149332355,1
2.0,17.732824384460777,1
2.1,16.88711184975673,1
2.2,17.033764102343962,1
2.3,16.287625906893272,1
2.4,16.72780863773741,1
2.5,17.055461294854933,1
2.6,16.42450321128885,1
2.7,17.187849009172837,1
2.8,16.699680655040595,1
2.9,16.854153125103362,1
3.0,16.699146693885304,1
3.1,17.926139092254466,1
3.2,16.993251387631034,1
3.3,16.47114453552205,1
3.4,17.411272456051595,1
3.5,16.38957817501449,1
3.6,17.10443179750238,1
3.7,16.020164938060113,1
3.8,16.335906975550785,1
3.9,17.09843061793456,1
4.0,17.369233289997705,1
4.1,17.085684140594985,1
4.2,16.942175858805882,1
4.3,16.849448152205355,1
4.4,16.260739004816287,1
4.5,16.640077895802648,1
4.6,16.769680614520105,1
4.7,17.528561113109458,1
4.8,17.17180914478423,1
4.9,16.118479922318635,1
5.0,10.162041984697398,1
5.1,9.807458859791842,1
5.2,9.661538999847021,1
5.3,10.305838144420434,1
5.4,10.515499761247975,1
5.5,10.4656400595581,1
5.6,9.58039123838868,1
5.7,9.845393812074393,1
5.8,10.165631715701782,1
5.9,10.48777256356118,1
6.0,9.760412881077356,1
6.1,9.907170511668092,1
6.2,9.446832512996986,1
6.3,9.401896687959665,1
6.4,10.4062629111971,1
6.5,10.678120014285412,1
6.6,9.963994939209833,1
6.7,10.501766448946013,1
6.8,10.180818012523817,1
6.9,9.677440122697439,1
7.0,10.180697802754207,1
7.1,10.769018283232985,1
7.2,9.982086980445024,1
7.3,10.782321827907003,1
7.4,8.690127447955128,1
7.5,10.410951252187612,1
7.6,10.043523534119085,1
7.7,9.850496324767066,1
7.8,10.04588038826775,1
7.9,9.006215542699554,1
8.0,9.890164056081243,1
8.1,10.178556285755873,1
8.2,10.738947022370757,1
8.3,9.740864890863175,1
8.4,9.595753198553407,1
8.5,9.749121478207732,1
8.6,10.457701058851036,1
8.7,10.164375554829842,1
8.8,9.73511989811648,1
8.9,10.256633716556678,1
9.0,10.04853877467402,1
9.1,10.484322495266445,1
9.2,9.648973453061323,1
9.3,9.836168926701117,1
9.4,9.803945923433922,1
9.5,9.26824252593394,1
9.6,10.148060138532289,1
9.7,10.130527636089944,1
9.8,10.002556728321231,1
9.9,9.882706433312427,1
10.0,9.292314628974793,1
10.1,9.78967733861732,1
10.2,9.828642741736616,1
10.3,9.59886136538919,1
10.4,9.919357144166995,1
10.5,10.20202542840727,1
10.6,10.943092950605266,1
10.7,10.08728890641592,1
10.8,10.128775195361381,1
10.9,9.962777042116917,1
11.0,9.040614392350479,1
11.1,9.98674306227539,1
11.2,10.030115104970513,1
11.3,11.231621056242643,1
11.4,9.903819517609438,1
11.5,10.150773671166807,1
11.6,9.982644115147378,1
11.7,9.415660981190234,1
11.8,10.57141140725751,1
11.9,10.375966516343388,1
12.0,10.395515973521523,1
12.1,9.54530627260263,1
12.2,10.70139715546805,1
12.3,9.299074468603859,1
12.4,10.293428546900135,1
12.5,11.095227812904989,1
12.6,9.504731837434656,1
12.7,9.716851135198613,1
12.8,10.04982568254382,1
12.9,9.748262172941901,1
13.0,9.224668284466933,1
13.1,10.034281487403014,1
13.2,9.468848143136947,1
13.3,10.236796215317591,1
13.4,9.5402878828831,1
13.5,10.774967202508769,1
13.6,9.608373353831881,1
13.7,9.838969241897162,1
13.8,10.406758608684834,1
13.9,9.384567841783023,1
14.0,10.113729967302065,1
14.1,10.653571377141214,1
14.2,9.196258382719385,1
14.3,10.092316929266152,1
14.4,10.129941397124211,1
14.5,10.390911435888656,1
14.6,9.381524644560958,1
14.7,9.339771693457863,1
14.8,10.26097078280845,1
14.9,10.148492336616593,1
15.0,17.12524642517294,1
15.1,17.17322410474849,1
15.2,16.659987639210755,1
15.3,17.1161268485805,1
15.4,17.14653623664934,1
15.5,16.642824290986816,1
15.6,17.93288725557238,1
15.7,17.236916460455895,1
15.8,16.404348251398673,1
15.9,17.328276804316914,1
16.0,16.512659164886337,1
16.1,17.39354230187123,1
16.2,17.579297789503702,1
16.3,16.589658840824143,1
16.4,17.481688064622162,1
16.5,17.20639046346825,1
16.6,17.411030079997246,1
16.7,17.948396491326974,1
16.8,16.877305941998564,1
16.9,16.623131917821254,1
17.0,16.55524278518724,1
17.1,16.59209485751728,1
17.2,16.961449145292946,1
17.3,17.17057598740832,1
17.4,17.13834539966501,1
17.5,17.413591624518013,1
17.6,17.006500945938953,1
17.7,17.726767038578657,1
17.8,16.86767158338102,1
17.9,18.36008458329481,1
18.0,17.3128336738825,1
18.1,16.57142122179186,1
18.2,16.464553750969444,1
18.3,17.241236207621593,1
18.4,16.888268607337075,1
18.5,17.357000247046045,1
18.6,17.23661881228677,1
18.7,16.963585543671563,1
18.8,16.576603140965798,1
18.9,16.242576387657067,1
19.0,16.77674252396649,1
19.1,17.428199397161734,1
19.2,17.1070468720651,1
19.3,16.377130610644006,1
19.4,17.086590462925592,1
19.5,17.192658689864416,1
19.6,16.558071281899434,1
19.7,17.076862552972763,1
19.8,17.029104359223,1
19.9,16.42851485108469,1
20.0,10.178893680174141,1
20.1,10.280392263184117,1
20.2,10.541525621587638,1
20.3,10.526901026017452,1
20.4,9.311165316021455,1
20.5,9.531087480042439,1
20.6,10.25751763360433,1
20.7,10.256892975456104,1
20.8,10.257523843153024,1
20.9,11.926365745327361,1
21.0,10.285445255346584,1
21.1,10.567782820090299,1
21.2,10.477000881746601,1
21.3,10.3256956256529,1
21.4,9.842365377679828,1
21.5,10.379484610246633,1
21.6,9.613587392731214,1
21.7,9.881590696629996,1
21.8,9.757318226085449,1
21.9,10.040937069693161,1
22.0,11.157329283336754,1
22.1,9.066367403704126,1
22.2,10.343130095187258,1
22.3,9.193642064405175,1
22.4,9.764034067105284,1
22.5,10.544475298483682,1
22.6,10.032140009547732,1
22.7,9.461127611035346,1
22.8,9.642348145370017,1
22.9,10.339798874467338,1
23.0,9.634816684141432,1
23.1,10.108229294790988,1
23.2,10.022785919951907,1
23.3,9.674199826197091,1
23.4,11.071972044662663,1
23.5,10.316959511159006,1
23.6,8.987428706671196,1
23.7,10.093227157384714,1
23.8,9.669106767615807,1
23.9,10.426216667398112,1
24.0,9.60373963078365,1
24.1,9.94263177926655,1
24.2,10.252493639490229,1
24.3,10.43287759708506,1
24.4,9.399851796472111,1
24.5,9.832749382079525,1
24.6,9.762527344419523,1
24.7,9.673335383713145,1
24.8,10.882727120140549,1
24.9,10.202490855480479,1
25.0,9.369558022832477,1
25.1,10.458930973527387,1
25.2,11.061078098506316,1
25.3,10.516232630275573,1
25.4,9.240315017022994,1
25.5,9.757882963566875,1
25.6,10.633455574593311,1
25.7,9.646165267190609,1
25.8,10.221909714073114,1
25.9,10.387317026714669,1
26.0,9.536534764210959,1
26.1,9.9702373219691,1
26.2,8.379366329965464,1
26.3,9.487806179332855,1
26.4,9.87371592430342,1
26.5,9.376108409017576,1
26.6,10.816205651965818,1
26.7,9.284929311019683,1
26.8,9.779977756651508,1
26.9,10.065370288643045,1
27.0,10.720636644533057,1
27.1,9.28206892441028,1
27.2,10.581581876077479,1
27.3,10.005116530509794,1
27.4,9.509245674476025,1
27.5,10.231051737131635,1
27.6,10.099529847786735,1
27.7,9.699891561420603,1
27.8,10.03490104249501,1
27.9,9.80734320156912,1
28.0,10.056758672625625,1
28.1,10.331065337260524,1
28.2,10.793008408072676,1
28.3,9.381092250586576,1
28.4,11.066516687328134,1
28.5,9.023956100238749,1
28.6,9.924107452482207,1
28.7,10.294158603242288,1
28.8,10.140495933867516,1
28.9,9.688650240089704,1
29.0,9.895938874821363,1
29.1,9.753499532670583,1
29.2,9.705317621527895,1
29.3,10.424801048510512,1
29.4,10.178507742982523,1
29.5,9.653545202369672,1
29.6,10.449799937716625,1
29.7,10.153649760438304,1
29.8,10.40643105941948,1
29.9,10.314814420961806,1
30.0,16.585502494538964,1
30.1,16.719909479901517,1
30.2,17.37364680256163,1
30.3,17.30518513271673,1
30.4,16.989549203017926,1
30.5,17.05866369165439,1
30.6,17.638832447894213,1
30.7,16.704214305582084,1
30.8,17.273548690585017,1
30.9,16.898903673783053,1
31.0,16.891159398386392,1
31.1,17.549388425993595,1
31.2,17.412708174494014,1
31.3,17.40675481800032,1
31.4,17.652739403577165,1
31.5,17.01050192081638,1
31.6,17.34097648564748,1
31.7,16.84486662170327,1
31.8,17.162083176244224,1
31.9,16.934928472816157,1
32.0,17.048497982496357,1
32.1,17.29757851271846,1
32.2,16.59088965838326,1
32.3,18.04619363784273,1
32.4,16.49699130925015,1
32.5,16.39290569360613,1
32.6,17.579055436750032,1
32.7,17.395831346981467,1
32.8,17.312059908526077,1
32.9,17.31417275463214,1
33.0,16.993876613576543,1
33.1,16.551372814257086,1
33.2,17.037902279096862,1
33.3,16.661419144243943,1
33.4,17.487559866708878,1
33.5,16.92647130924893,1
33.6,16.587251401603744,1
33.7,16.8393070791735,1
33.8,17.20646572713781,1
33.9,16.718137723598012,1
34.0,16.588889802216784,1
34.1,17.12184360574596,1
34.2,17.12248328555436,1
34.3,16.746528412314433,1
34.4,16.76448084719084,1
34.5,17.11602496867882,1
34.6,16.27595782925134,1
34.7,16.296268112811724,1
34.8,16.64077788937378,1
34.9,16.893276424144076,1
35.0,10.155453782799002,1
35.1,10.737678108474777,1
35.2,10.428829811601009,1
35.3,9.920030735018287,1
35.4,9.990491896048656,1
35.5,9.498735317681096,1
35.6,9.990743432003805,1
35.7,9.85567068053993,1
35.8,10.161359280169044,1
35.9,9.586384528223839,1
36.0,10.259673257120586,1
36.1,10.76636945650129,1
36.2,9.945619925771572,1
36.3,10.20085586104947,1
36.4,10.345071995855557,1
36.5,9.799389764057082,1
36.6,10.112046240905208,1
36.7,10.006296200390898,1
36.8,10.048838049274416,1
36.9,9.613495108072266,1
37.0,10.012255087129471,1
37.1,10.248999145622724,1
37.2,10.725571803897521,1
37.3,10.479635413042603,1
37.4,11.076591228755778,1
37.5,9.616326218555976,1
37.6,10.43616031836034,1
37.7,10.091671002869177,1
37.8,11.094901466608835,1
37.9,9.595850857322425,1
38.0,9.580139078909612,1
38.1,9.700303677277988,1
38.2,8.938052137845096,1
38.3,9.737122489159619,1
38.4,9.620433669223152,1
38.5,10.075196893238104,1
38.6,10.170877987888579,1
38.7,10.938085419607944,1
38.8,10.475211919093026,1
38.9,9.711548172168799,1
39.0,9.55079266432582,1
39.1,10.245959585753253,1
39.2,9.339883396489679,1
39.3,10.915729382927177,1
39.4,10.589720060360644,1
39.5,9.765412173947647,1
39.6,9.143432735454562,1
39.7,10.676936187082706,1
39.8,9.94273007737369,1
39.9,10.61890815598673,1
40.0,9.202786170602817,1
40.1,9.700312488523114,1
40.2,10.002621849859091,1
40.3,10.023490296882372,1
40.4,9.774967264260377,1
40.5,10.31142496617375,1
40.6,9.466189785308703,1
40.7,9.928810257489353,1
40.8,10.060147815855949,1
40.9,10.257219417029374,1
41.0,10.355807439044446,1
41.1,9.437678954081065,1
41.2,9.232942914632188,1
41.3,10.638838410949255,1
41.4,10.166157005989795,1
41.5,9.625756731721722,1
41.6,10.775575987761261,1
41.7,10.05783731714643,1
41.8,10.589648592031914,1
41.9,10.033759240705054,1
42.0,11.030373962440994,1
42.1,10.877670421221602,1
42.2,9.875517925760462,1
42.3,10.485785475477178,1
42.4,10.322687974792574,1
42.5,10.684315778766175,1
42.6,9.517538269709949,1
42.7,10.34302572999922,1
42.8,10.529212243424794,1
42.9,9.120630256788443,1
43.0,9.408370743667113,1
43.1,8.980383911119949,1
43.2,9.865296582777722,1
43.3,10.358771127897981,1
43.4,10.751178526048013,1
43.5,10.037047390209887,1
43.6,10.814307772785646,1
43.7,9.309949270892554,1
43.8,9.148308780322422,1
43.9,9.972226150551691,1
44.0,10.192032724469653,1
44.1,9.983652625952953,1
44.2,8.966278949980062,1
44.3,9.955439980243606,1
44.4,9.347765249747573,1
44.5,10.33483627441502,1
44.6,10.183299123048425,1
44.7,9.530060106836322,1
44.8,9.743066541331654,1
44.9,9.470393239055523,1
45.0,16.968660451363412,1
45.1,17.47757116025062,1
45.2,16.50713697683223,1
45.3,17.25202325775892,1
45.4,16.734871190813777,1
45.5,16.603563583868826,1
45.6,16.94648482002272,1
45.7,16.48237883879031,1
45.8,16.72317534732641,1
45.9,16.401061053705575,1
46.0,17.982362566458193,1
46.1,17.017631775985862,1
46.2,16.65013724600371,1
46.3,17.106989955367112,1
46.4,16.943835975154585,1
46.5,16.88951520023339,1
46.6,17.307083350021713,1
46.7,17.378753855023653,1
46.8,16.734749426194735,1
46.9,16.71209087967766,1
47.0,16.86247415142418,1
47.1,15.849039417632207,1
47.2,16.242404468900723,1
47.3,17.683437133722265,1
47.4,17.822483856750644,1
47.5,16.87548198022181,1
47.6,17.288278481527882,1
47.7,17.155625077271768,1
47.8,18.53944040422762,1
47.9,17.559787455717288,1
48.0,16.936041204259617,1
48.1,16.522229779699785,1
48.2,16.196776839871212,1
48.3,17.10173181793361,1
48.4,16.621824627357846,1
48.5,16.288873145201165,1
48.6,16.676713557878735,1
48.7,16.459225998192803,1
48.8,17.843570817536282,1
48.9,17.440819878474727,1
49.0,16.996013679341694,1
49.1,17.739972069445013,1
49.2,17.03868415382381,1
49.3,16.56935789933587,1
49.4,17.76156203863483,1
49.5,17.26945502184233,1
49.6,16.481376922836773,1
49.7,16.904830660958197,1
49.8,16.56219087330762,1
49.9,16.30860013451783,1
50.0,10.46308877376582,1
50.1,10.954708320235065,1
50.2,9.30071621309043,1
50.3,10.281484618345285,1
50.4,9.674678715439086,1
50.5,9.756437308117652,1
50.6,9.703803037880565,1
50.7,9.568004615160092,1
50.8,10.024260813972413,1
50.9,9.58452494179448,1
51.0,10.13522841288992,1
51.1,9.974880945275432,1
51.2,9.880525976566796,1
51.3,9.546218168979202,1
51.4,9.711614334715833,1
51.5,10.377695612912879,1
51.6,10.25045859381219,1
51.7,9.511222377600724,1
51.8,10.049666152714613,1
51.9,10.375693561685894,1
52.0,9.165297359439315,1
52.1,10.271680096189968,1
52.2,9.668688120527076,1
52.3,10.28529933429658,1
52.4,9.618370421728741,1
52.5,9.097558949667741,1
52.6,9.186228781058418,1
52.7,10.024042473330692,1
52.8,10.12986125086074,1
52.9,9.547841687447796,1
53.0,10.319296229388687,1
53.1,9.16923996886552,1
53.2,9.966960100676342,1
53.3,9.394491900118771,1
53.4,9.674081946098921,1
53.5,10.023699335658208,1
53.6,9.569793317358023,1
53.7,9.807722227885087,1
53.8,10.50314640460722,1
53.9,9.711554065238426,1
54.0,10.417846056032571,1
54.1,9.43514657267119,1
54.2,10.26490208895764,1
54.3,10.72078431032895,1
54.4,8.764177749936355,1
54.5,9.601552372264761,1
54.6,10.28853606359027,1
54.7,9.898477306978503,1
54.8,10.185572936685654,1
54.9,9.69800740664209,1
55.0,10.04329489373645,1
55.1,9.92216138230396,1
55.2,10.583891030829903,1
55.3,10.127210421650606,1
55.4,10.168801331037601,1
55.5,9.794061516938767,1
55.6,9.756196887963753,1
55.7,9.78372090609019,1
55.8,10.197226071189148,1
55.9,9.789507759589869,1
56.0,10.144887428448207,1
56.1,11.03770039932272,1
56.2,10.435562351715847,1
56.3,9.83698823391608,1
56.4,10.600606961081972,1
56.5,9.795962313489225,1
56.6,8.980937732411073,1
56.7,9.495956844541299,1
56.8,9.064604039487072,1
56.9,9.824243257979346,1
57.0,10.009209189594776,1
57.1,10.838218656137641,1
57.2,10.163463686882082,1
57.3,9.890449735595569,1
57.4,10.414702790591745,1
57.5,8.894432345496057,1
57.6,10.117807279054283,1
57.7,10.385432596943483,1
57.8,9.26070687711008,1
57.9,10.571877021603465,1
58.0,10.169248203747207,1
58.1,9.7923560430496,1
58.2,10.316390933053142,1
58.3,11.135346428902198,1
58.4,10.090933127529247,1
58.5,10.124110293150167,1
58.6,9.770319550229878,1
58.7,9.575077815267605,1
58.8,10.415167908272123,1
58.9,9.571958087045566,1
59.0,10.035783118609697,1
59.1,9.761171276617441,1
59.2,10.239489912873196,1
59.3,10.166831052643474,1
59.4,10.51876997212895,1
59.5,9.744991800572626,1
59.6,9.865062532353315,1
59.7,9.510618142108846,1
59.8,9.777853369961944,1
59.9,10.188650246522426,1
60.0,17.378494308322676,1
60.1,16.538917337911187,1
60.2,17.434802960052828,1
60.3,17.677818929402477,1
60.4,17.20671745161185,1
60.5,17.938397906279032,1
60.6,16.613105400448212,1
60.7,16.37767264834429,1
60.8,16.11063987554786,1
60.9,17.748022155744593,1
61.0,17.32718282817703,1
61.1,16.972207664544772,1
61.2,17.13998431315991,1
61.3,16.437255476350813,1
61.4,18.222875989808415,1
61.5,17.064610590987613,1
61.6,17.054697397302448,1
61.7,17.362883311949346,1
61.8,17.240504615868357,1
61.9,17.111942012139565,1
62.0,16.604762772277343,1
62.1,17.235734178568,1
62.2,17.941012248237517,1
62.3,17.67271002307749,1
62.4,17.796593313319697,1
62.5,16.744392161784408,1
62.6,16.50519758987071,1
62.7,16.937106539950175,1
62.8,17.027862456144348,1
62.9,17.547095759235475,1
63.0,16.15376768514259,1
63.1,17.764775159730306,1
63.2,16.920996050710507,1
63.3,16.78655946502629,1
63.4,16.493947812369917,1
63.5,16.172571664067114,1
63.6,17.411585291980956,1
63.7,17.0366589835942,1
63.8,16.355019550129473,1
63.9,16.35246061396819,1
64.0,16.832107650354935,1
64.1,17.834510762644697,1
64.2,16.8702043243182,1
64.3,16.248428523440946,1
64.4,16.87712846795703,1
64.5,16.863638215126166,1
64.6,15.651556678529214,1
64.7,16.972852566741096,1
64.8,16.88453273489566,1
64.9,17.34810318240671,1
65.0,10.924478047472672,1
65.1,10.563282514773878,1
65.2,9.865555654722584,1
65.3,9.446737045629165,1
65.4,11.28667990162493,1
65.5,10.029609217007245,1
65.6,10.006964645956472,1
65.7,9.987937456444998,1
65.8,10.099042380383928,1
65.9,9.92781979403803,1
66.0,9.713168996559881,1
66.1,9.726570529379805,1
66.2,9.983623364892,1
66.3,9.728287614433118,1
66.4,9.643577108661418,1
66.5,10.053215113845948,1
66.6,9.872511391289573,1
66.7,10.751996494291344,1
66.8,8.674515095803494,1
66.9,10.54575342596123,1
67.0,10.623042596248814,1
67.1,8.963304883795924,1
67.2,9.828656202959825,1
67.3,9.814279567002105,1
67.4,9.296244152641089,1
67.5,9.611091656204563,1
67.6,9.444712077267086,1
67.7,10.876135221711811,1
67.8,10.467839196573731,1
67.9,10.63577754749708,1
68.0,10.360836032021618,1
68.1,9.435474114391386,1
68.2,9.737739866860114,1
68.3,10.24468728061396,1
68.4,9.388936095554028,1
68.5,10.356499215086194,1
68.6,9.879837300920933,1
68.7,9.812589596225202,1
68.8,10.355479984101745,1
68.9,10.22213165574302,1
69.0,9.81951691709046,1
69.1,10.579664901682124,1
69.2,9.459468336200052,1
69.3,10.307967803472131,1
69.4,10.296550628984193,1
69.5,9.845226780343005,1
69.6,10.163066511121059,1
69.7,9.374443211807348,1
69.8,10.46201350960345,1
69.9,9.907548931778505,1
70.0,9.738638489740481,1
70.1,10.524504612918445,1
70.2,9.64782815472862,1
70.3,9.29576935181822,1
70.4,9.221685413238049,1
70.5,10.30300497567282,1
70.6,9.359785323751858,1
70.7,10.877397090992183,1
70.8,8.95903529605814,1
70.9,10.84822818414502,1
71.0,10.10550873360131,1
71.1,9.951643444064803,1
71.2,9.727540456595525,1
71.3,10.199568057176036,1
71.4,9.981182648787575,1
71.5,10.55165094100826,1
71.6,10.05711382433102,1
71.7,10.07515088073094,1
71.8,9.818193893893072,1
71.9,9.971527188139467,1
72.0,10.15390088444603,1
72.1,9.144915803671687,1
72.2,9.325907288947143,1
72.3,10.371632047011358,1
72.4,10.08543271906397,1
72.5,9.90800833182366,1
72.6,10.009216966532696,1
72.7,10.173790852680835,1
72.8,9.730120159845319,1
72.9,9.610847637298845,1
73.0,10.09792262754884,1
73.1,9.510813611192484,1
73.2,10.204126377857236,1
73.3,9.14870819788108,1
73.4,10.514577818662822,1
73.5,10.236298741206522,1
73.6,10.128014867156939,1
73.7,10.491345491972757,1
73.8,10.832737222231287,1
73.9,10.507185032509065,1
74.0,9.079562884334177,1
74.1,9.36021151663215,1
74.2,9.687590711152161,1
74.3,10.013045525105417,1
74.4,10.25882951023456,1
74.5,9.637128093423268,1
74.6,10.093383382238539,1
74.7,9.62230853382334,1
74.8,9.694241098504026,1
74.9,9.29666945157589,1
75.0,16.538383376944548,1
75.1,16.324157697191833,1
75.2,16.51206337351133,1
75.3,17.526820898303917,1
75.4,16.525300555584028,1
75.5,18.316191032418693,1
75.6,17.246658950440445,1
75.7,17.09241806184744,1
75.8,16.570821109909396,1
75.9,17.350154939704495,1
76.0,16.712181086881113,1
76.1,17.061004907322683,1
76.2,18.2800422691344,1
76.3,16.951970050137675,1
76.4,17.57463666314284,1
76.5,16.648411787437055,1
76.6,16.98250575475152,1
76.7,17.885400317817755,1
76.8,16.686516471106117,1
76.9,17.906224278998465,1
77.0,17.35387596772774,1
77.1,16.718766612052868,1
77.2,17.31620386952776,1
77.3,17.486277224813364,1
77.4,17.3109049811086,1
77.5,16.21488764005477,1
77.6,16.636431412087568,1
77.7,16.87624068222425,1
77.8,16.962783285449976,1
77.9,17.31033604877534,1
78.0,17.088850500466627,1
78.1,16.33232782064495,1
78.2,17.19009892550298,1
78.3,17.305292872641914,1
78.4,17.279895223965518,1
78.5,17.54039036277731,1
78.6,17.41696107727445,1
78.7,17.229590039614216,1
78.8,16.96491714427068,1
78.9,16.169519533242003,1
79.0,17.214809109566293,1
79.1,17.103843843581558,1
79.2,17.13578941859769,1
79.3,16.361625712089847,1
79.4,16.45947172979587,1
79.5,17.526576426666452,1
79.6,16.980222423071673,1
79.7,17.340750348686313,1
79.8,17.01415918806523,1
79.9,17.014878069747873,1
80.0,10.469141902988,1
80.1,9.741977635891313,1
80.2,10.04806038847049,1
80.3,9.768862355647478,1
80.4,9.782751886283842,1
80.5,9.845413938265681,1
80.6,10.111066885816857,1
80.7,9.760625689168261,1
80.8,10.62787806278676,1
80.9,9.552696348890247,1
81.0,9.90656417791932,1
81.1,9.780134470862912,1
81.2,10.723488942176866,1
81.3,10.098277388255788,1
81.4,10.515922269734318,1
81.5,9.257219813481514,1
81.6,10.13352513293463,1
81.7,10.444815397811718,1
81.8,10.041141994637712,1
81.9,10.532740187532676,1
82.0,9.741355774949813,1
82.1,10.70467372009279,1
82.2,11.149449061809625,1
82.3,9.81858071978017,1
82.4,9.777248739299614,1
82.5,10.72669223855885,1
82.6,10.789786072865356,1
82.7,9.738569986423366,1
82.8,9.789906591452072,1
82.9,9.859107695569746,1
83.0,9.327774744482861,1
83.1,9.540674026757902,1
83.2,9.497929616623965,1
83.3,9.616101217447936,1
83.4,9.98265755630661,1
83.5,10.117107366268261,1
83.6,10.775250246407039,1
83.7,9.500822979630605,1
83.8,10.492161199238291,1
83.9,9.893005577887246,1
84.0,9.975268145173784,1
84.1,10.337409746083303,1
84.2,9.43863898921885,1
84.3,10.191204873092026,1
84.4,10.083226104106528,1
84.5,10.246225632004075,1
84.6,10.144584321953909,1
84.7,11.227650069955446,1
84.8,9.681130007874343,1
84.9,9.734501522499091,1
85.0,9.688429736787619,1
85.1,9.722261440419873,1
85.2,9.681306436346741,1
85.3,10.594508265553776,1
85.4,10.710252123994927,1
85.5,9.714626853125262,1
85.6,9.583822213447885,1
85.7,10.235707778193202,1
85.8,9.723888477859514,1
85.9,10.316465908877756,1
86.0,10.10146151042565,1
86.1,9.242127942501384,1
86.2,10.77375260066503,1
86.3,10.89793883654776,1
86.4,9.693605654757807,1
86.5,9.806149220032008,1
86.6,10.142932695362452,1
86.7,10.167228394993513,1
86.8,10.329272136336415,1
86.9,11.005102269383174,1
87.0,9.911526386252975,1
87.1,9.600851377730773,1
87.2,9.310340385992737,1
87.3,9.63453498002904,1
87.4,9.9834365135631,1
87.5,10.897278931758894,1
87.6,9.741194350481914,1
87.7,10.111893975819449,1
87.8,9.991788551963625,1
87.9,10.594196636724043,1
88.0,11.26346621293681,1
88.1,9.73456561353984,1
88.2,9.755280278740889,1
88.3,10.522080438534536,1
88.4,10.340945744813157,1
88.5,10.923353662868017,1
88.6,10.291964092662981,1
88.7,9.820353954606471,1
88.8,10.295327415346154,1
88.9,10.554351790291454,1
89.0,10.410241090598682,1
89.1,10.253637015553648,1
89.2,10.533337344794576,1
89.3,10.584647795222835,1
89.4,10.691079495518764,1
89.5,10.324354943794821,1
89.6,9.916440959841573,1
89.7,10.073356843216661,1
89.8,10.603254483254178,1
89.9,9.591532164506383,1
90.0,17.18433665443645,1
90.1,16.80333059383632,1
90.2,17.01437241146741,1
90.3,17.63922593130365,1
90.4,17.09554953400995,1
90.5,17.023218274078076,1
90.6,16.320071929510043,1
90.7,17.37312678301361,1
90.8,17.322742090570536,1
90.9,18.08162736165273,1
91.0,16.846110882523497,1
91.1,17.10957516383197,1
91.2,17.124691841855377,1
91.3,17.788726639881737,1
91.4,16.952352233806522,1
91.5,17.13951076288517,1
91.6,17.30394825485827,1
91.7,17.09330456157818,1
91.8,16.776783192724736,1
91.9,17.097044996449156,1
92.0,17.536815874929886,1
92.1,16.48674235029447,1
92.2,17.06648483707344,1
92.3,16.649939592530416,1
92.4,17.59752331446242,1
92.5,16.238406547608115,1
92.6,16.720539076364204,1
92.7,17.18860593753226,1
92.8,17.78276201461717,1
92.9,16.967124869463504,1
93.0,16.7224002366534,1
93.1,17.940578534720295,1
93.2,16.27599304979188,1
93.3,15.90059702168996,1
93.4,17.220007225026666,1
93.5,16.748972887823694,1
93.6,16.489383591434645,1
93.7,17.354178223649676,1
93.8,17.1219003568856,1
93.9,16.717960684631635,1
94.0,16.359847800664554,1
94.1,17.436228664140074,1
94.2,17.325100588979332,1
94.3,16.95041206811031,1
94.4,17.923318498023832,1
94.5,16.464957616836923,1
94.6,16.23723741453763,1
94.7,16.654045965059378,1
94.8,16.97720699182225,1
94.9,17.121669724661345,1
95.0,9.879381971071835,1
95.1,10.176027698257148,1
95.2,9.374230287904778,1
95.3,10.72188230203663,1
95.4,9.958924410803716,1
95.5,10.558647915794063,1
95.6,10.171362673188852,1
95.7,10.228376609576891,1
95.8,10.284883640116101,1
95.9,10.223854280008657,1
96.0,10.321361379933771,1
96.1,10.664576265066216,1
96.2,10.098260584850735,1
96.3,10.354501878794256,1
96.4,9.955132152856386,1
96.5,10.720058607724736,1
96.6,9.661803848970365,1
96.7,10.900470216455409,1
96.8,9.979921024677829,1
96.9,9.284612448940976,1
97.0,10.064052207455395,1
97.1,9.65947417126256,1
97.2,10.420321774494361,1
97.3,9.673688010348805,1
97.4,9.77690828339261,1
97.5,9.055229634527235,1
97.6,9.773846840375462,1
97.7,8.788060336685522,1
97.8,9.208048588257139,1
97.9,10.38020732807215,1
98.0,10.392900079325416,1
98.1,10.212728780892482,1
98.2,9.516511928435394,1
98.3,9.97614432192901,1
98.4,9.998198730454716,1
98.5,9.420817655403729,1
98.6,10.751699150883574,1
98.7,10.438681145287836,1
98.8,9.889517913085168,1
98.9,10.013442919497265,1
99.0,10.104191403973775,1
99.1,8.979132565787854,1
99.2,9.876411308739701,1
99.3,9.6590078760011,1
99.4,9.499189995052543,1
99.5,9.859449853557022,1
99.6,10.89884326342476,1
99.7,10.320421430633505,1
99.8,9.714410505108601,1
99.9,10.286291390678079,1
100.0,10.699677718293001,1
100.1,10.462316841456385,1
100.2,10.029815184960087,1
100.3,9.676531611147213,1
100.4,10.349111656806794,1
100.5,10.196742692710874,1
100.6,10.447596610013866,1
100.7,10.317585900840985,1
100.8,10.524776357659668,1
100.9,9.732382394219716,1
101.0,10.658697032817162,1
101.1,10.0987998023462,1
101.2,11.037630436312632,1
101.3,9.655406090955216,1
101.4,10.867981901582624,1
101.5,10.098955391731323,1
101.6,9.674290998192776,1
101.7,9.758057082972838,1
101.8,9.83982634590284,1
101.9,10.212082973200959,1
102.0,10.26141774401775,1
102.1,9.71314999803071,1
102.2,9.987822703869508,1
102.3,11.071135179305932,1
102.4,10.863771585050356,1
102.5,10.218161834837016,1
102.6,10.0190017390841,1
102.7,10.060015663359131,1
102.8,10.306758986365208,1
102.9,9.488603717400798,1
103.0,9.871311731288328,1
103.1,9.165707963061205,1
103.2,10.199611561302639,1
103.3,10.32359796985137,1
103.4,9.758406768850312,1
103.5,10.786993381645017,1
103.6,9.387117168498829,1
103.7,9.26781255989509,1
103.8,10.112225909279987,1
103.9,10.523549151306078,1
104.0,10.841963845728934,1
104.1,9.77055786856553,1
104.2,10.539340416715648,1
104.3,9.980745765249646,1
104.4,9.91368635002959,1
104.5,10.441829968743336,1
104.6,10.32616143920671,1
104.7,9.211803921507876,1
104.8,10.738270174862947,1
104.9,10.690045677073726,1
105.0,16.687218649245235,1
105.1,17.197901766718704,1
105.2,17.24701509314137,1
105.3,17.130336882911955,1
105.4,16.72484742307729,1
105.5,16.664188316030973,1
105.6,16.987222964504276,1
105.7,17.586364509629682,1
105.8,17.271800077297215,1
105.9,16.814692833956947,1
106.0,17.385849355324172,1
106.1,15.575728689684961,1
106.2,17.57438285018605,1
106.3,16.130143110610952,1
106.4,16.818779529298432,1
106.5,16.44016505268693,1
106.6,16.352659262139547,1
106.7,17.58041339368926,1
106.8,16.766149399344055,1
106.9,17.173251940865356,1
107.0,16.97653971056041,1
107.1,17.23852041361156,1
107.2,17.038410945530128,1
107.3,16.358503887905716,1
107.4,17.49813340972357,1
107.5,16.753121708419343,1
107.6,16.221709050670125,1
107.7,16.785942419517042,1
107.8,17.750379895317156,1
107.9,17.425110871056745,1
108.0,16.82567393279607,1
108.1,16.825371147840784,1
108.2,16.839182474391308,1
108.3,18.03837399178042,1
108.4,17.190967726115776,1
108.5,17.215020823595534,1
108.6,17.515141727015923,1
108.7,17.119394579513255,1
108.8,16.87047892708965,1
108.9,16.90182507545751,1
109.0,16.964199370292967,1
109.1,16.98138888174508,1
109.2,17.36381477181849,1
109.3,17.02597294290365,1
109.4,17.36632003860779,1
109.5,16.959641709945707,1
109.6,17.039317595158046,1
109.7,16.000899657733946,1
109.8,17.458163837351243,1
109.9,17.173244237948996,1
110.0,10.499005054929826,1
110.1,8.551872310903155,1
110.2,11.044187352390363,1
110.3,9.930205185922413,1
110.4,10.554091408368759,1
110.5,9.480047036437234,1
110.6,10.306386952531286,1
110.7,9.473292218413173,1
110.8,9.688115519652097,1
110.9,10.957015676933393,1
111.0,9.904658799618327,1
111.1,10.108716436589862,1
111.2,10.435033865344376,1
111.3,10.247840943986303,1
111.4,10.075209452571789,1
111.5,10.182480501233112,1
111.6,11.201707792619137,1
111.7,9.971190601483208,1
111.8,10.100549523357484,1
111.9,10.525327198003806,1
112.0,10.552762966478992,1
112.1,10.59351515278019,1
112.2,10.319365111014593,1
112.3,9.428497543634759,1
112.4,10.816715766150548,1
112.5,9.426827303490656,1
112.6,10.151317732619516,1
112.7,9.622862074990321,1
112.8,9.967930826703503,1
112.9,10.16438120515174,1
113.0,10.160678607725137,1
113.1,10.210960377117642,1
113.2,10.806855634529324,1
113.3,10.22676715075699,1
113.4,9.877921682354676,1
113.5,10.48204358414418,1
113.6,10.59473524446232,1
113.7,9.386196092431504,1
113.8,10.298700034924929,1
113.9,10.35058637115545,1
114.0,9.851218248320004,1
114.1,10.68785340665581,1
114.2,9.924972206483737,1
114.3,10.062788226735771,1
114.4,9.913464087858065,1
114.5,10.007789523790734,1
114.6,9.4518624565524,1
114.7,9.279974558702852,1
114.8,10.797252531612486,1
114.9,9.576519325840836,1
115.0,9.504303825271846,1
115.1,8.923304943198143,1
115.2,9.680519126155248,1
115.3,9.338455103296251,1
115.4,10.821007580068185,1
115.5,10.504908544671316,1
115.6,9.655924827411138,1
115.7,11.126217902672154,1
115.8,10.490882743495797,1
115.9,9.837584308245688,1
116.0,8.750297142563213,1
116.1,11.14547128629537,1
116.2,9.305213766618202,1
116.3,9.177300626521554,1
116.4,10.51128521600482,1
116.5,11.219876203169637,1
116.6,10.692136409255259,1
116.7,10.281954560026179,1
116.8,10.297377170832643,1
116.9,10.426707779390155,1
117.0,10.379464294893383,1
117.1,10.140595711984687,1
117.2,10.052100551975938,1
117.3,9.96870343605024,1
117.4,9.623017705566662,1
117.5,9.859662461566613,1
117.6,9.153521592902308,1
117.7,9.950830186602625,1
117.8,9.505704446424541,1
117.9,9.448205341392114,1
118.0,10.08994707557674,1
118.1,10.6960011431723,1
118.2,10.459158303001157,1
118.3,9.214749698188411,1
118.4,9.50518593171483,1
118.5,10.470385593994108,1
118.6,9.508756303230845,1
118.7,9.887683425001487,1
118.8,10.275026049512276,1
118.9,9.515827772568182,1
119.0,10.05268775307298,1
119.1,9.332987252540898,1
119.2,9.699316178024393,1
119.3,10.159890967071268,1
119.4,9.203503133234165,1
119.5,10.2202373689802,1
119.6,9.99018110053666,1
119.7,10.276244977208574,1
119.8,10.11195706703233,1
119.9,10.682070214986922,1
120.0,17.062612251323955,1
120.1,16.785297229437376,1
120.2,17.061148751516143,1
120.3,17.271649014518196,1
120.4,17.02443003516285,1
120.5,17.020295845601943,1
120.6,16.649004156096623,1
120.7,16.668549541224525,1
120.8,16.298697364100153,1
120.9,17.874788371593468,1
121.0,16.378068382304356,1
121.1,16.653547401102045,1
121.2,16.6407963672154,1
121.3,17.447462188472223,1
121.4,16.852525160853986,1
121.5,17.623871036336865,1
121.6,16.663254687878066,1
121.7,17.1394970811119,1
121.8,16.582326473370124,1
121.9,18.072574563886693,1
122.0,16.406200790485244,1
122.1,17.154910355113515,1
122.2,17.31688844046605,1
122.3,17.20689954872575,1
122.4,16.907356170561144,1
122.5,16.935089650133285,1
122.6,17.021905735989556,1
122.7,16.926498999185753,1
122.8,17.481939558397457,1
122.9,18.105261500795677,1
123.0,16.721254107496083,1
123.1,16.31509851021046,1
123.2,16.955858975824373,1
123.3,18.28985466882716,1
123.4,16.598162716015135,1
123.5,17.819558402722034,1
123.6,17.838850407038223,1
123.7,16.723205879146,1
123.8,17.284491539592636,1
123.9,17.81419831156427,1
124.0,16.810436129506257,1
124.1,16.898209819948818,1
124.2,16.709159543025677,1
124.3,16.492621634653567,1
124.4,16.675361227466997,1
124.5,16.388029866618872,1
124.6,17.017041734129613,1
124.7,16.61501338447068,1
124.8,17.116892955895374,1
124.9,16.22205217689819,1
125.0,10.165440116107229,1
125.1,10.416764480804462,1
125.2,9.003132178714273,1
125.3,10.187028284923786,1
125.4,10.613834496236645,1
125.5,9.395179490654398,1
125.6,10.836286193418852,1
125.7,10.209509504683023,1
125.8,9.647494072120796,1
125.9,9.972115461171146,1
126.0,10.27916345626086,1
126.1,10.038002695706206,1
126.2,10.269377996223184,1
126.3,9.539663203460316,1
126.4,10.08468041201804,1
126.5,9.29314275154751,1
126.6,9.94438696932565,1
126.7,9.548046179267605,1
126.8,9.632235028705116,1
126.9,10.61804658760522,1
127.0,10.545655060297134,1
127.1,10.304569060453588,1
127.2,9.453843617663711,1
127.3,9.8417957751526,1
127.4,10.606548849989592,1
127.5,10.070858456819952,1
127.6,11.159664769990847,1
127.7,10.196658919697185,1
127.8,10.096024558245016,1
127.9,9.84544176789875,1
128.0,10.066770452391141,1
128.1,9.923765081809728,1
128.2,10.354054338344294,1
128.3,10.478351158397292,1
128.4,9.607005269746026,1
128.5,9.334383523221112,1
128.6,9.081897313448351,1
128.7,10.253995663456271,1
128.8,9.448316696913063,1
128.9,8.92355470352376,1
129.0,10.194289302265481,1
129.1,11.246499758716395,1
129.2,9.996964544230053,1
129.3,10.419245387225821,1
129.4,10.040914679273783,1
129.5,9.950555173404428,1
129.6,10.459538241493885,1
129.7,9.854862727905674,1
129.8,10.133696157035951,1
129.9,10.160848903098007,1
130.0,9.665954773178475,1
130.1,10.496021174768261,1
130.2,9.912520121652296,1
130.3,9.622127420253578,1
130.4,10.268254921785202,1
130.5,9.550766009104482,1
130.6,10.014090578684565,1
130.7,9.995440501677898,1
130.8,10.542947782915789,1
130.9,10.237349116439976,1
131.0,9.987486520627428,1
131.1,10.408883149600143,1
131.2,10.695103774508656,1
131.3,10.27890515317593,1
131.4,10.00517630992169,1
131.5,9.34408188382492,1
131.6,9.467443168462314,1
131.7,9.847387647822666,1
131.8,9.695243898920358,1
131.9,9.906514348507278,1
132.0,10.028324962448554,1
132.1,10.264846377178365,1
132.2,9.964750610970455,1
132.3,10.2432508219131,1
132.4,10.03223720740506,1
132.5,9.012266716823063,1
132.6,9.530332303090622,1
132.7,9.927956222139192,1
132.8,9.395152628579446,1
132.9,10.299964364998102,1
133.0,10.76537541617185,1
133.1,10.609380925848658,1
133.2,9.893278564534896,1
133.3,10.745363068424975,1
133.4,10.074333728601056,1
133.5,9.83145701444098,1
133.6,9.69329866822953,1
133.7,9.848765156755936,1
133.8,9.805911590729385,1
133.9,10.085208111187743,1
134.0,10.080286990524932,1
134.1,10.001523010076708,1
134.2,10.218469084873174,1
134.3,10.595323137393171,1
134.4,10.474777067720662,1
134.5,9.257551015775048,1
134.6,8.723039432549022,1
134.7,10.467159955619637,1
134.8,9.31656065079229,1
134.9,9.887617299053659,1
135.0,16.414943486970323,1
135.1,16.09900978120999,1
135.2,17.270731364102396,1
135.3,17.379577580151324,1
135.4,16.71174479963664,1
135.5,15.704478853927546,1
135.6,16.72687777587376,1
135.7,17.195902002701274,1
135.8,16.260544215612935,1
135.9,17.09167995988958,1
136.0,16.992345075413503,1
136.1,17.289645749800542,1
136.2,17.059790184207074,1
136.3,16.51346552955922,1
136.4,17.598285750832247,1
136.5,16.920735213486516,1
136.6,16.986347730245036,1
136.7,16.533366020463404,1
136.8,16.778358874404244,1
136.9,16.557598642986548,1
137.0,16.91352697003829,1
137.1,17.85585424007117,1
137.2,16.31404942853432,1
137.3,16.19321930106163,1
137.4,17.735585163746805,1
137.5,16.895338161424068,1
137.6,16.66546363067004,1
137.7,17.519952343698037,1
137.8,16.69719223013157,1
137.9,17.91300485677347,1
138.0,17.338962935669635,1
138.1,16.756044295927147,1
138.2,18.07865410663275,1
138.3,16.697142538498333,1
138.4,17.37104768600465,1
138.5,17.149646290203243,1
138.6,17.6508706446994,1
138.7,17.780755598363427,1
138.8,17.016002074532885,1
138.9,16.62329106482691,1
139.0,17.229986071469558,1
139.1,16.661142315123946,1
139.2,18.00669362376331,1
139.3,17.06826766554137,1
139.4,16.817339224343947,1
139.5,17.092340152932454,1
139.6,16.32643685523515,1
139.7,16.514192980744674,1
139.8,17.60020695397221,1
139.9,16.671552860514304,1
140.0,9.47654450865903,1
140.1,10.268326376263643,1
140.2,10.592852077331498,1
140.3,10.359476655332534,1
140.4,10.498023842902908,1
140.5,9.62160245571527,1
140.6,9.289094666629078,1
140.7,10.750666825977744,1
140.8,9.838660080578933,1
140.9,9.874583491772476,1
141.0,10.664097070924528,1
141.1,10.27811500470033,1
141.2,10.227943886040803,1
141.3,11.082501172450542,1
141.4,9.678240884809929,1
141.5,10.463920064040618,1
141.6,10.028506562448543,1
141.7,10.134296139431628,1
141.8,10.764234213206265,1
141.9,10.253917878144811,1
142.0,10.269148039524817,1
142.1,10.5362536686549,1
142.2,9.817523635228557,1
142.3,9.580395166330497,1
142.4,9.477595402989483,1
142.5,9.016821705312,1
142.6,11.028103564970161,1
142.7,9.448395817139158,1
142.8,9.889373188207115,1
142.9,9.86159335005554,1
143.0,10.15370334890455,1
143.1,10.407868606269648,1
143.2,10.430236744179872,1
143.3,9.70846128071553,1
143.4,9.916439143106794,1
143.5,10.141289975244149,1
143.6,9.875654436908226,1
143.7,10.803672788009996,1
143.8,10.245487475819125,1
143.9,10.367438893024909,1
144.0,10.331440634333706,1
144.1,10.586736928742663,1
144.2,10.090510779351854,1
144.3,9.351584026022076,1
144.4,10.199843975876322,1
144.5,9.674321553104086,1
144.6,9.735691659125122,1
144.7,10.293182009377547,1
144.8,10.619141535716818,1
144.9,10.010635788368031,1
145.0,10.154416506299482,1
145.1,10.851107472317619,1
145.2,10.120376589744284,1
145.3,11.300841557090198,1
145.4,10.282754822815772,1
145.5,9.119618620422091,1
145.6,10.376670810552266,1
145.7,10.190579192441389,1
145.8,10.644876377041372,1
145.9,10.336590675634978,1
146.0,9.930772008008113,1
146.1,9.387850881855318,1
146.2,9.895488371356988,1
146.3,9.57473977289535,1
146.4,9.709738275097639,1
146.5,10.294289202210305,1
146.6,10.834952252175704,1
146.7,10.197335764911491,1
146.8,9.402058468982407,1
146.9,10.222301334110071,1
147.0,10.598315743322825,1
147.1,9.69510854784031,1
147.2,9.93299141666354,1
147.3,10.007344097364598,1
147.4,9.60755084345888,1
147.5,10.32414021692193,1
147.6,9.93952592569611,1
147.7,10.209766221953513,1
147.8,9.556253911098949,1
147.9,9.781270849838295,1
148.0,10.361190678913886,1
148.1,9.813583423954116,1
148.2,10.863481925616703,1
148.3,9.800181907192698,1
148.4,10.112342362875943,1
148.5,10.466295415936544,1
148.6,9.290817133533483,1
148.7,9.119595594009612,1
148.8,9.237171842714952,1
148.9,10.631292051713592,1
149.0,9.724070927053777,1
149.1,11.279099642834126,1
149.2,9.717876200671306,1
149.3,10.092275651598518,1
149.4,10.771054976283938,1
149.5,11.003046444079562,1
149.6,11.030751788318199,1
149.7,10.604183115296571,1
149.8,10.512031262905731,1
149.9,10.296263474600591,1
150.0,17.38918053808332,1
150.1,16.724407141835734,1
150.2,16.590900558288844,1
150.3,16.998312771294522,1
150.4,16.914907688737536,1
150.5,16.77338597533636,1
150.6,17.348193723728357,1
150.7,17.477652604285254,1
150.8,17.044203443145925,1
150.9,17.738765040527632,1
151.0,16.429155442933247,1
151.1,16.903170270360143,1
151.2,16.6415888396986,1
151.3,16.06673169146347,1
151.4,16.95865965707865,1
151.5,16.93912624580836,1
151.6,17.756724871621067,1
151.7,17.31540584227739,1
151.8,16.487906587835397,1
151.9,17.927046283167094,1
152.0,17.610516847762675,1
152.1,17.29104885173431,1
152.2,16.886757950575085,1
152.3,16.52028038163826,1
152.4,16.813896611964473,1
152.5,17.544374309852095,1
152.6,17.942293152967302,1
152.7,17.771621764136093,1
152.8,16.755575289106865,1
152.9,16.440191283355496,1
153.0,17.070443123455604,1
153.1,16.115780317218572,1
153.2,17.16158385709239,1
153.3,16.926198706850666,1
153.4,16.766981749065877,1
153.5,16.202648466366604,1
153.6,17.256800053284856,1
153.7,16.733649580169043,1
153.8,16.415041582144855,1
153.9,15.563868893359174,1
154.0,16.98624254747468,1
154.1,17.886125798334874,1
154.2,17.830629607273934,1
154.3,16.771451871706866,1
154.4,16.69889396981911,1
154.5,17.23438712803751,1
154.6,16.500807280405855,1
154.7,17.15089594990973,1
154.8,17.383040139192346,1
154.9,17.613466611942155,1
155.0,9.949922961760024,1
155.1,9.898163124911518,1
155.2,9.561008706621719,1
155.3,9.58655982298007,1
155.4,9.886760554049237,1
155.5,10.183682753408089,1
155.6,10.456792313116624,1
155.7,9.598410524659828,1
155.8,10.746344284479761,1
155.9,9.864438199478716,1
156.0,9.989316352825782,1
156.1,9.626394160426088,1
156.2,8.787879869863529,1
156.3,10.442022698180525,1
156.4,10.368421948546217,1
156.5,9.859336221440893,1
156.6,10.033495358612436,1
156.7,10.257969608852049,1
156.8,9.218727071556728,1
156.9,9.735473661326852,1
157.0,10.397132339810913,1
157.1,9.372855288415375,1
157.2,10.146778966083314,1
157.3,9.321709097688297,1
157.4,10.233214991216764,1
157.5,9.982179258851259,1
157.6,9.192434092047245,1
157.7,10.582369677228586,1
157.8,9.632704211600975,1
157.9,9.59487378149281,1
158.0,10.100284598615472,1
158.1,10.574318674714357,1
158.2,9.492089090510802,1
158.3,10.030839924923987,1
158.4,10.214408250165286,1
158.5,10.346552803631573,1
158.6,10.088220777638613,1
158.7,9.816486080458338,1
158.8,9.58620488967564,1
158.9,10.043071941523188,1
159.0,9.463930494007197,1
159.1,8.539324758252697,1
159.2,10.218279902078834,1
159.3,10.451967420543097,1
159.4,8.81853378222908,1
159.5,9.495134647645031,1
159.6,10.309577130502598,1
159.7,11.02874773485585,1
159.8,10.010396853837705,1
159.9,9.635998529385432,1
160.0,9.90855177944758,1
160.1,10.687438209574092,1
160.2,9.677017910437732,1
160.3,9.600403996674872,1
160.4,9.758628238908983,1
160.5,9.523335695870644,1
160.6,10.061335157997398,1
160.7,10.81233922923478,1
160.8,10.161539636558015,1
160.9,9.873823248936857,1
161.0,9.854094365542228,1
161.1,9.218404595651672,1
161.2,10.44155488857358,1
161.3,9.9610814014936,1
161.4,9.909760043204686,1
161.5,11.596553783922431,1
161.6,10.149376454182843,1
161.7,9.624104474952407,1
161.8,9.786821201897228,1
161.9,10.574222854598377,1
162.0,10.056635205268883,1
162.1,9.280861010841317,1
162.2,10.459614467287603,1
162.3,9.665927957230503,1
162.4,10.936648888108772,1
162.5,10.540024032857325,1
162.6,9.776339052170625,1
162.7,10.640508180867556,1
162.8,10.033927755263703,1
162.9,10.42638683756111,1
163.0,10.242366408647237,1
163.1,9.576821672504563,1
163.2,9.67822508384127,1
163.3,10.514980408790581,1
163.4,9.832612333946729,1
163.5,9.798175768379002,1
163.6,9.522438710325323,1
163.7,10.21179953279673,1
163.8,11.031262459621573,1
163.9,9.466233542872864,1
164.0,10.012109728336378,1
164.1,10.706110277707715,1
164.2,9.960179304377142,1
164.3,10.226185898124866,1
164.4,9.46880323592656,1
164.5,10.214153548603825,1
164.6,9.906427867497726,1
164.7,10.49286499783993,1
164.8,10.593693025782375,1
164.9,11.294781821009307,1
165.0,17.28981658660679,1
165.1,17.162898158291085,1
165.2,17.09719215078867,1
165.3,16.823416853594658,1
165.4,17.169241921730844,1
165.5,16.852299294930486,1
165.6,17.084230488134807,1
165.7,17.65879876780398,1
165.8,16.496728717360178,1
165.9,17.569939280564522,1
166.0,17.658557533669935,1
166.1,16.94096573650446,1
166.2,15.939072550495702,1
166.3,16.696089006452784,1
166.4,17.648497273280555,1
166.5,16.98856596885056,1
166.6,16.500348883852546,1
166.7,16.74761253938589,1
166.8,17.420310013252276,1
166.9,17.273366784100688,1
167.0,16.880533950415153,1
167.1,16.816587794092655,1
167.2,16.804120925478088,1
167.3,16.53879490775075,1
167.4,17.807687844734723,1
167.5,16.83883976539433,1
167.6,17.608579260412746,1
167.7,17.760658025961227,1
167.8,17.49915544907398,1
167.9,16.784189843640974,1
168.0,17.201865045168304,1
168.1,16.98790219680454,1
168.2,16.54814906963494,1
168.3,17.1621796408608,1
168.4,16.4104801044201,1
168.5,17.59383969423078,1
168.6,16.767691351350805,1
168.7,17.10057982793642,1
168.8,17.14164393577307,1
168.9,16.87054751314796,1
169.0,17.29334690073764,1
169.1,16.76254817168874,1
169.2,17.435648648728623,1
169.3,16.327010159876625,1
169.4,17.063189789773205,1
169.5,17.969464499529142,1
169.6,16.499834337697212,1
169.7,16.661127514737572,1
169.8,17.256953924829457,1
169.9,17.089790890969798,1
170.0,10.17531504963678,1
170.1,10.244593565073831,1
170.2,10.317360734280886,1
170.3,10.554849920978112,1
170.4,10.204909328464256,1
170.5,9.879371172690728,1
170.6,10.336286850601365,1
170.7,10.949940967447608,1
170.8,9.933683126808713,1
170.9,9.512735347664679,1
171.0,10.553540334643486,1
171.1,9.9398094180232,1
171.2,8.913665226992983,1
171.3,10.42371083857521,1
171.4,9.732335907023039,1
171.5,9.95473335884792,1
171.6,10.165990165284507,1
171.7,10.095249839889533,1
171.8,10.35472590856952,1
171.9,9.782256814715078,1
172.0,10.25655289908804,1
172.1,9.870226661208042,1
172.2,10.36940524044375,1
172.3,10.307683742006526,1
172.4,9.532280648977702,1
172.5,10.542991058087516,1
172.6,9.732018277442975,1
172.7,10.404028899140572,1
172.8,10.18364365670067,1
172.9,10.919091838397561,1
173.0,9.888267008814074,1
173.1,9.8253416019409,1
173.2,9.990290197056133,1
173.3,9.848410108582863,1
173.4,10.399970950971024,1
173.5,9.191844695781706,1
173.6,9.473158790426822,1
173.7,9.466098539210403,1
173.8,10.475153795986788,1
173.9,10.855306686290962,1
174.0,9.947775390731264,1
174.1,9.915589138404995,1
174.2,10.035026081556591,1
174.3,10.580939151304095,1
174.4,9.536323432904712,1
174.5,10.119184491367392,1
174.6,10.487598814891214,1
174.7,10.250547084969922,1
174.8,10.094790808299372,1
174.9,10.50052304628357,1
175.0,8.64838385350038,1
175.1,10.338937659765454,1
175.2,9.672962158436288,1
175.3,9.084683551571771,1
175.4,10.25560129976249,1
175.5,10.686829272581479,1
175.6,9.931275742686154,1
175.7,10.47643727360147,1
175.8,10.806139128994323,1
175.9,10.657457226792024,1
176.0,10.819982264685697,1
176.1,10.371063745535945,1
176.2,10.037716819450797,1
176.3,9.199017094051415,1
176.4,9.876968755935026,1
176.5,9.578376702341904,1
176.6,11.085471358748906,1
176.7,9.912057093783831,1
176.8,10.061602403392243,1
176.9,10.275742688020234,1
177.0,10.021801223186227,1
177.1,10.847525520215376,1
177.2,9.688675319132773,1
177.3,10.097303727618621,1
177.4,9.628764707150976,1
177.5,9.339988744389647,1
177.6,9.694115454547358,1
177.7,9.981481601475794,1
177.8,9.78534888774137,1
177.9,9.653789510063072,1
178.0,9.296841268164084,1
178.1,9.958447213685652,1
178.2,9.247639812984499,1
178.3,10.380027981844801,1
178.4,10.041219876467252,1
178.5,9.271224250267535,1
178.6,9.845395461475068,1
178.7,9.623921797204709,1
178.8,10.15958725520959,1
178.9,10.670225223011572,1
179.0,9.062413765177128,1
179.1,10.057513039573708,1
179.2,9.91993360221668,1
179.3,10.335670038225233,1
179.4,10.106598314118845,1
179.5,9.62401533413059,1
179.6,9.840473032166692,1
179.7,9.601987071598256,1
179.8,10.538003569299299,1
179.9,10.010655824335972,1
180.0,17.950595342876504,1
180.1,16.96966959309269,1
180.2,16.645796616544768,1
180.3,16.243142803693587,1
180.4,16.098430161872027,1
180.5,16.207932028497254,1
180.6,17.13356332550574,1
180.7,17.254362511614968,1
180.8,16.209404648983934,1
180.9,17.44751915703806,1
181.0,16.758469474158282,1
181.1,17.073396505992775,1
181.2,17.806110314127714,1
181.3,17.448419657932767,1
181.4,16.865734676047083,1
181.5,16.554403887292356,1
181.6,15.924092299335348,1
181.7,16.64042334037879,1
181.8,16.894434880586154,1
181.9,16.506410236424408,1
182.0,16.934371516453847,1
182.1,17.03842594147938,1
182.2,16.887572009095962,1
182.3,16.67499870958827,1
182.4,17.084327335983364,1
182.5,17.220970324784705,1
182.6,16.454800461278577,1
182.7,17.705466189873135,1
182.8,16.95070593385787,1
182.9,17.009424811472424,1
183.0,17.35410721162828,1
183.1,17.116608065631752,1
183.2,17.476568316956623,1
183.3,17.143562082600912,1
183.4,16.693781312679782,1
183.5,17.18075176260305,1
183.6,16.42813689633967,1
183.7,17.054279852888264,1
183.8,16.98338500467777,1
183.9,16.89594157136373,1
184.0,16.935731244280532,1
184.1,16.05907547725118,1
184.2,16.72563754612952,1
184.3,17.046422450570557,1
184.4,17.0799281959987,1
184.5,16.48616242953702,1
184.6,17.63285392043235,1
184.7,16.56691257589275,1
184.8,17.484728600263367,1
184.9,17.213597180935842,1
185.0,9.676886345078099,1
185.1,10.887655446304755,1
185.2,9.40318158412176,1
185.3,10.459577086805,1
185.4,10.50029115902149,1
185.5,9.664689895461677,1
185.6,10.696232650032165,1
185.7,9.874976742700524,1
185.8,10.14434681463993,1
185.9,10.13016091938561,1
186.0,9.932845629264726,1
186.1,10.405404136579891,1
186.2,10.396744360276106,1
186.3,9.12573401338091,1
186.4,10.652170121439076,1
186.5,9.168754005982162,1
186.6,10.516273102170828,1
186.7,10.56335256841379,1
186.8,9.454516784892402,1
186.9,9.794592856022708,1
187.0,9.447147665757033,1
187.1,9.892539484855632,1
187.2,9.84598285790713,1
187.3,10.38983026613467,1
187.4,10.655154373059805,1
187.5,10.697841905394977,1
187.6,9.718915986710849,1
187.7,9.895389063127736,1
187.8,9.158280903889525,1
187.9,9.597064966751905,1
188.0,10.482425816548728,1
188.1,10.807791411774115,1
188.2,9.382825564060038,1
188.3,9.703767870423553,1
188.4,9.986797121520537,1
188.5,10.140080579409803,1
188.6,9.595198240039178,1
188.7,10.212030522232045,1
188.8,9.763080326464541,1
188.9,9.99277386456086,1
189.0,10.27314212400185,1
189.1,10.003211134905468,1
189.2,9.781807054736715,1
189.3,9.945195098037084,1
189.4,9.955818520397333,1
189.5,9.814994485058936,1
189.6,9.870601968666449,1
189.7,10.799323585252358,1
189.8,10.280459723970619,1
189.9,9.85225984098542,1
190.0,10.348477202255367,1
190.1,9.833090255121995,1
190.2,10.586562318793321,1
190.3,10.184821096099046,1
190.4,9.946348927997885,1
190.5,10.223858462905138,1
190.6,9.21456192396575,1
190.7,9.436616265545098,1
190.8,9.403037496800472,1
190.9,10.071471547381853,1
191.0,10.866257499742545,1
191.1,11.115650073096315,1
191.2,10.31902555072038,1
191.3,10.250422237472229,1
191.4,9.09947113292363,1
191.5,9.728663100132989,1
191.6,9.60610812404588,1
191.7,9.689576200874441,1
191.8,9.915928090707606,1
191.9,9.763954711151436,1
192.0,9.010350094812106,1
192.1,10.373955128058768,1
192.2,9.463628487130096,1
192.3,10.119623432055574,1
192.4,11.037041334874987,1
192.5,9.54030770420679,1
192.6,8.734856238626834,1
192.7,9.856997889059945,1
192.8,10.550479817499285,1
192.9,10.979173727110297,1
193.0,9.38522520277379,1
193.1,10.248349611618261,1
193.2,9.767344771609974,1
193.3,9.947025822847932,1
193.4,11.322171673508517,1
193.5,9.248514835802423,1
193.6,10.126869830747287,1
193.7,10.233846585882716,1
193.8,10.542893162469674,1
193.9,10.048991576735448,1
194.0,10.15402526975205,1
194.1,9.804175716289105,1
194.2,10.134563470622554,1
194.3,9.828403862251294,1
194.4,10.310785944928025,1
194.5,9.815194831978182,1
194.6,10.188550196951093,1
194.7,9.98536859315751,1
194.8,10.563025125386083,1
194.9,9.974303138205757,1
195.0,16.11348376589656,1
195.1,17.630960750356998,1
195.2,16.547133849568688,1
195.3,16.67311683067559,1
195.4,16.702169352978252,1
195.5,17.687219046585408,1
195.6,15.932162893010652,1
195.7,18.568874266829997,1
195.8,17.528028404533025,1
195.9,17.111619457064577,1
196.0,16.972552999691857,1
196.1,17.14277703742883,1
196.2,17.26056121418967,1
196.3,17.322607792975028,1
196.4,17.277802233001722,1
196.5,17.044790340627625,1
196.6,16.901330789846337,1
196.7,16.924363358173245,1
196.8,16.90254585982366,1
196.9,17.566885048433534,1
197.0,17.296778361140433,1
197.1,15.52980568266786,1
197.2,17.32795038826488,1
197.3,17.097368097359386,1
197.4,16.990645621777052,1
197.5,16.805740773455558,1
197.6,17.562056359993008,1
197.7,17.47376323106143,1
197.8,16.613561166088196,1
197.9,17.203526143562268,1
198.0,16.514171632729358,1
198.1,16.310190917605535,1
198.2,16.686641387705016,1
198.3,17.43119673619138,1
198.4,17.47656252268804,1
198.5,17.25654271004865,1
198.6,17.362547893424,1
198.7,17.258089143557477,1
198.8,16.679259202388522,1
198.9,17.21596127233697,1
199.0,17.40020476261384,1
199.1,17.377145664906788,1
199.2,17.59445668573732,1
199.3,17.354151923600533,1
199.4,17.17572410377079,1
199.5,17.535075119158215,1
199.6,16.98673937037547,1
199.7,16.55906267438614,1
199.8,16.91846651802812,1
199.9,16.627548677596778,1
